"","",".x","avg_Lux10","sd_Lux10","Date","avg_Lux","sd_Lux","avg_Temperature","sd_Temperature","avg_PAR","sd_PAR"
"1",1,1,1086.1,467.202,2015-04-11,6355.03,2188.22,14.3634,0.0495742,NA,NA
"2",2,2,1139.9,511.939,2015-04-12,8370.06,4094.27,14.325,0,NA,NA
"3",3,3,1045.19,375.953,2015-04-13,10850.1,3182.91,14.709,0,NA,NA
"4",4,4,1112.99,458.567,2015-04-14,10264.5,2335.02,14.9957,0.0901567,NA,NA
"5",5,5,1184.04,508.771,2015-04-15,12021.2,3403.84,15.282,0,NA,NA
"6",6,6,900.95,309.126,2015-04-16,8817.82,2588.85,15.397,0.0400555,NA,NA
"7",7,7,877.27,388.103,2015-04-17,9885.63,3734.76,15.3684,0.0303579,NA,NA
"8",8,8,811.6,246.986,2015-04-18,10402.3,3287.02,15.7025,0.0669017,NA,NA
"9",9,9,500.54,301.899,2015-04-19,7474.49,2787.92,15.7504,0.0303579,NA,NA
"10",10,10,307.84,135.329,2015-04-20,4357.25,1236.74,15.7504,0.0303579,NA,NA
"11",11,11,1238.93,911.394,2015-04-21,11160.1,2678.93,14.8905,0.213583,NA,NA
"12",12,12,1045.19,805.819,2015-04-22,10574.5,4366.17,15.072,0.0400555,NA,NA
"13",13,13,406.88,244.515,2015-04-23,6897.55,3245.57,15.5688,0.0636672,NA,NA
"14",14,14,1024.72,1277.16,2015-04-24,6492.83,4466.8,15.9985,0.0500694,NA,NA
"15",15,15,1050.56,780.876,2015-04-25,10488.4,3929.37,16.3034,0.0784406,NA,NA
"16",16,16,363.81,197.422,2015-04-26,6062.25,1550.65,16.2175,0.117233,NA,NA
"17",17,17,469.31,348.619,2015-04-27,6131.17,3893.11,16.4558,0.0786297,NA,NA
"18",18,18,449.94,420.263,2015-04-28,10333.4,2653.23,16.865,0.0490578,NA,NA
"19",19,19,149.62,82.511,2015-04-29,6639.21,4250.79,16.865,0.0490578,NA,NA
"20",20,20,684.58,676.169,2015-04-30,12641.2,2958.79,16.999,0,303.125,32.8362
"21",21,21,470.39,334.793,2015-05-01,11745.6,3009.18,16.999,0,287.86,30.4619
"22",22,22,516.67,465.467,2015-05-02,11315.1,3321.79,16.999,0,295.2,32.2122
"23",23,23,359.5,192.225,2015-05-03,9575.6,3765.54,17.113,0.0600833,225.58,54.9983
"24",24,24,672.75,891.646,2015-05-04,12227.9,5787.1,17.113,0.0400555,289.84,37.3555
"25",25,25,572.65,472.665,2015-05-05,9902.84,3689.55,17.151,0.12824,245.35,57.0089
"26",26,26,96.87,58.7554,2015-05-06,2875.06,1396.15,16.599,0.0400555,62.06,21.8582
"27",27,27,664.14,535.634,2015-05-07,13881.2,4558.2,17.2555,0.0458894,311.185,32.5234
"28",28,28,585.57,515.713,2015-05-08,12985.7,3954.23,17.494,0.0400555,294.63,53.121
"29",29,29,372.45,223.451,2015-05-09,9782.3,2447.49,17.665,0,254.83,32.8988
"30",30,30,538.21,448.221,2015-05-10,12193.4,3190.95,17.8075,0.0500694,302.475,29.5282
"31",31,31,568.32,543.37,2015-05-11,12090.1,2795.71,18.0355,0.0539264,303.505,32.7943
"32",32,32,524.2,471.026,2015-05-12,12779,4533.24,18.3785,0.0500694,309.09,35.2423
"33",33,33,592,624.297,2015-05-13,11332.3,3434.69,18.426,0.0895669,291.31,39.0441
"34",34,34,104.41,54.4273,2015-05-14,4021.43,1165.29,18.9485,0.0500694,108.905,24.9007
"35",35,35,326.14,351.376,2015-05-15,11642.3,4919.14,18.4735,0.102612,289.275,46.6242
"36",36,36,496.22,419.111,2015-05-16,11504.5,2864.44,18.863,0.0490578,313.77,38.6405
"37",37,37,420.89,286.703,2015-05-17,12159,3997.33,19.1584,0.0903244,293.1,30.4677
"38",38,38,428.41,296.826,2015-05-18,10402.3,3201.69,17.5791,0.217274,300.82,28.3308
"39",39,39,381.05,302.339,2015-05-19,8215.04,2608.18,18.825,0.0400555,261.93,56.2327
"40",40,40,266.94,152.039,2015-05-20,10953.4,4107.13,18.9485,0.0500694,307.885,31.3945
"41",41,41,421.95,372.052,2015-05-21,9730.63,5072.23,18.616,0,222.905,65.8821
"42",42,42,499.45,452.142,2015-05-22,8593.95,3578.18,18.673,0.0490578,271.755,66.0844
"43",43,43,396.11,272.489,2015-05-23,8352.82,3528.82,18.711,0,243.885,38.1828
"44",44,44,650.14,517.724,2015-05-24,13467.9,4628.23,18.901,0,287.444,27.5312
"45",45,45,790.07,492.474,2015-05-25,12245.1,3839.42,17.0271,0.596814,269.789,44.3518
"46",46,46,776.09,508.683,2015-05-26,9368.95,3886.14,18.3307,0.265381,252.826,42.8784
"47",47,47,523.12,378.537,2015-05-27,11676.7,4726.87,17.8835,0.205468,283.747,29.9199
"48",48,48,840.67,625.003,2015-05-28,11005.1,5762.81,17.0368,0.0921012,290.805,29.0646
"49",49,49,751.32,380.606,2015-05-29,13743.5,2082.24,18.673,0.0490578,299.221,27.8701
"50",50,50,645.84,374.316,2015-05-30,15155.7,5051.89,18.616,0,293.416,32.8219
"51",51,51,748.09,411.886,2015-05-31,15500.1,5657.52,18.9485,0.0500694,299.579,28.2899
"52",52,52,688.9,376.47,2015-06-01,15637.9,4393.7,19.1965,0.0300416,303.632,27.7156
"53",53,53,1329.37,1597,2015-06-02,13295.6,4111.61,19.2532,0.200954,300.289,28.4917
"54",54,54,1667.34,1487.17,2015-06-03,13467.9,3116.76,19.7674,0.0541422,295.037,26.4429
"55",55,55,2002.1,2106.97,2015-06-04,14122.3,3474.92,19.7291,0.0645815,286.684,27.6466
"56",56,56,1898.77,3523.75,2015-06-05,15810.1,6302.22,19.206,0.087299,282.263,28.3387
"57",57,57,382.11,225.114,2015-06-06,12537.9,4290.47,19.6909,0.155919,278.337,24.6973
"58",58,58,616.77,899.536,2015-06-07,5580.03,5843.73,19.1774,0.114005,127.737,116.557
"59",59,59,742.73,715.615,2015-06-08,12641.2,3020.56,19.6814,0.20956,281.532,28.8972
"60",60,60,621.07,392.72,2015-06-09,12124.5,2871.78,21.9412,0.193496,277.858,26.4386
"61",61,61,315.38,393.749,2015-06-10,6888.94,6160.04,20.6908,0.236866,143.816,123.984
"62",62,62,539.27,423.208,2015-06-11,11607.9,2633.5,20.224,0.202961,264.358,23.9562
"63",63,63,100.11,80.8697,2015-06-12,3961.12,2347.05,20.6339,0.515697,95.9895,59.1634
"64",64,64,607.09,518.659,2015-06-13,12434.5,3729.11,19.4435,0.0458894,209.489,42.2661
"65",65,65,872.96,784.345,2015-06-14,14087.9,3108.3,20.3292,0.372879,278.163,21.8396
"66",66,66,891.25,896.945,2015-06-15,12434.5,3129.42,22.4386,0.070835,267.574,33.5573
"67",67,67,783.61,787.043,2015-06-16,12572.3,4992.17,22.812,0,272.968,55.1109
"68",68,68,1130.21,1371.25,2015-06-17,15327.9,3671.39,22.908,0,283.895,26.6748
"69",69,69,762.08,587.536,2015-06-18,15017.9,3391.23,22.8123,0.0779759,292.853,26.6391
"70",70,70,258.3,NA,2015-06-19,10333.4,NA,23.292,NA,240.332,55.2291
"71",71,71,689.453,465.394,2015-06-20,13397.2,3426.99,23.0295,0.251371,285.674,25.2359
"72",72,72,1004.44,682.025,2015-06-21,13016.5,3989.87,22.7771,0.106692,279.553,23.5655
"73",73,73,964.784,620.72,2015-06-22,15191.9,4586.72,23.1606,0.0475771,296.995,25.1865
"74",74,74,708.153,427.13,2015-06-23,13415.3,4042.21,23.3577,0.0458464,267.037,30.6857
"75",75,75,368.805,222.02,2015-06-24,12019.4,3736.17,23.388,0,245.868,21.941
"76",76,76,433.963,183.116,2015-06-25,12744.5,3363.13,23.2516,0.0486967,275.579,14.2295
"77",77,77,371.084,137.257,2015-06-26,13560.3,3526.18,22.7823,0.0845096,281.521,21.955
"78",78,78,718.358,509.163,2015-06-27,13052.7,4324.89,22.8677,0.0920966,268.447,31.3681
"79",79,79,786.905,505.583,2015-06-28,13596.6,3468.04,23.6214,0.0486967,293.389,30.2248
"80",80,80,666.232,442.433,2015-06-29,13034.6,2646.41,23.5146,0.046324,273.447,24.9151
"81",81,81,1000.48,508.495,2015-06-30,13161.5,4014.56,23.5911,0.030269,294.458,27.2525
"82",82,82,903.611,451.046,2015-07-01,14140.4,3509.81,23.5098,0.0841735,288.695,31.3787
"83",83,83,1154.01,1119.19,2015-07-02,14031.7,4054.21,23.0749,0.276543,299.726,29.0644
"84",84,84,816.353,428.957,2015-07-03,13505.9,4214.82,22.9436,0.175598,273.458,26.6391
"85",85,85,628.842,244.038,2015-07-04,11965,2971.58,21.7699,0.348734,271.521,20.0727
"86",86,86,660.563,268.057,2015-07-05,12508.9,1886.81,23.2162,0.152055,268.721,17.7432
"87",87,87,791.432,244.978,2015-07-06,13306.5,3209.11,24.2497,0.130568,286.253,24.8555
"88",88,88,897.947,417.533,2015-07-07,14249.2,3123.75,26.0613,0.0480727,284.047,21.1199
"89",89,89,887.747,381.111,2015-07-08,12128.2,2466.73,26.1795,0.0367142,277.668,21.6064
"90",90,90,891.711,433.005,2015-07-09,12400.1,2826.42,26.2205,0.152227,277.642,20.1833
"91",91,91,578.432,200.091,2015-07-10,11946.9,3112.85,26.5033,0.0363395,247.574,16.7234
"92",92,92,927.405,486.436,2015-07-11,14484.9,4611.92,22.3996,1.88161,274.768,20.5794
"93",93,93,894.521,485.273,2015-07-12,12037.5,3366.01,25.4824,0.046324,291.526,29.0254
"94",94,94,718.926,358.652,2015-07-13,12418.2,3618.92,25.7127,0.14672,268.684,37.1112
"95",95,95,867.926,509.662,2015-07-14,14358,3828.81,26.0716,0.0635927,285.353,26.4601
"96",96,96,1153.44,461.281,2015-07-15,12817.1,2474.74,25.5898,0.0767127,279.021,25.6419
"97",97,97,982.347,325.404,2015-07-16,13089,3599.78,25.6717,0.0931105,280.605,37.5103
"98",98,98,913.237,262.445,2015-07-17,12563.3,2161.37,25.3394,0.0611685,265.221,22.9457
"99",99,99,911.542,286.434,2015-07-18,13125.2,3641.47,24.4582,0.179062,263.358,22.9278
"100",100,100,1130.77,376.059,2015-07-19,11511.8,1645.19,24.1279,0.147501,272.195,21.4803
"101",101,101,973.284,342.64,2015-07-20,12998.3,1386.58,26.1279,0.13809,293.142,17.7404
"102",102,102,811.842,387.316,2015-07-21,10832,4294.82,26.9822,0.0224827,259.705,91.3188
"103",103,103,537.063,424.009,2015-07-22,9345.37,6753.92,25.8101,0.139593,183.132,110.594
"104",104,104,725.726,242.773,2015-07-23,12925.8,4395.16,26.5703,0.396493,280.984,33.8074
"105",105,105,574.458,252.284,2015-07-24,8157.95,3161.73,27.9714,0.0730094,216.474,66.9626
"106",106,106,627.721,302.917,2015-07-25,9934.56,3966.56,27.3958,0.0718823,NA,NA
"107",107,107,1241.82,956.987,2015-07-26,12218.8,4183.07,27.0492,0.0443366,288.768,24.3944
"108",108,108,1087.17,490.147,2015-07-27,11230.8,4671.79,26.9306,0.0502729,277.774,29.0604
"109",109,109,1305.83,539.511,2015-07-28,11910.6,4051.72,26.2614,0.046324,275.737,18.8392
"110",110,110,1643.48,801.998,2015-07-29,13197.7,4282.25,25.7026,0.105039,278.716,26.4703
"111",111,111,1061.09,639.747,2015-07-30,10795.7,4594.79,25.416,0,223.563,63.4696
"112",112,112,1804.95,1092.14,2015-07-31,15083.1,5121.31,25.5692,0.0588768,289.189,26.3506
"113",113,113,248.147,155.883,2015-08-01,4074.43,1557.44,25.5283,0.0363395,99.2,39.8566
"114",114,114,1445.21,1268.46,2015-08-02,13288.4,4058.23,25.6771,0.0468016,290.432,26.4206
"115",115,115,1148.34,766.897,2015-08-03,12400.1,3181.85,25.2628,0.0986871,282.695,24.6981
"116",116,116,1039.57,548.341,2015-08-04,12255.1,2875.7,23.9474,0.979036,274.295,24.3524
"117",117,117,1387.41,928.679,2015-08-05,11421.1,2676.12,24.4434,0.432129,271.116,25.0463
"118",118,118,920.042,638.53,2015-08-06,10841,4861.91,24.2396,0.151779,252.447,48.3016
"119",119,119,1045.8,625.451,2015-08-07,12925.8,4433.97,23.4392,0.472628,263.895,18.9421
"120",120,120,887.163,501.568,2015-08-08,11040.4,2439.61,23.763,0.293997,261.142,22.822
"121",121,121,396,331.776,2015-08-09,8348.29,5457.17,24.9467,0.188861,193.379,81.4069
"122",122,122,135.405,97.8173,2015-08-10,3213.89,1939.41,26.1073,0.0308996,79.7316,46.6568
"123",123,123,864.511,371.51,2015-08-11,10922.6,3026.5,26.0049,0.0687208,250.684,25.9582
"124",124,124,680.4,259.665,2015-08-12,10351.5,3901.15,25.9741,0.0965882,237.211,24.5455
"125",125,125,548.963,250.54,2015-08-13,9680.77,3074.19,23.2276,0.750348,216.026,38.9306
"126",126,126,332.553,162.565,2015-08-14,7246.98,2903.54,22.9343,0.716649,165.4,58.8324
"127",127,127,201.689,78.9345,2015-08-15,4205.87,1189.48,25.4675,0.354635,101.421,32.9692
"128",128,128,831.663,330.846,2015-08-16,9825.79,1765.22,25.2322,0.0305843,241.537,20.458
"129",129,129,752.353,456.789,2015-08-17,8810.58,2948.71,25.125,0,212.453,47.3749
"130",130,130,304.221,198.956,2015-08-18,5526.44,3213.97,24.545,0,137.674,75.1138
"131",131,131,830.516,322.006,2015-08-19,10741.3,3170.04,24.6258,0.0359649,244.137,24.5921
"132",132,132,675.295,165.59,2015-08-20,11058.6,3990.4,24.8044,0.046324,245.111,25.2104
"133",133,133,714.953,307.85,2015-08-21,10224.6,3235.39,24.6107,0.0458464,221.784,21.2015
"134",134,134,641.868,269.962,2015-08-22,10641.6,4136.39,24.8401,0.0220239,231.089,25.1506
"135",135,135,582.395,347.984,2015-08-23,10043.3,4288.73,24.6108,0.0722229,199.805,30.3509
"136",136,136,595.426,207.788,2015-08-24,10297.2,3004.78,24.6566,0.092542,218.284,21.5657
"137",137,137,597.111,252.481,2015-08-25,9454.17,2918.16,24.8397,0.0937419,213.7,24.219
"138",138,138,518.947,215.113,2015-08-26,10523.8,4189.94,24.641,0,205.805,23.343
"139",139,139,597.111,143.537,2015-08-27,9404.29,4565.14,24.7227,0.0363395,238.074,26.1377
"140",140,140,425.453,126.273,2015-08-28,9558.39,4422.18,24.6972,0.0588768,244.358,21.7064
"141",141,141,517.232,94.0823,2015-08-29,9091.58,3268.51,24.6159,0.0776942,238.189,19.9887
"142",142,142,401.1,110.345,2015-08-30,9436.03,3907.36,24.3716,0.0826326,240.111,23.6544
"143",143,143,364.268,48.0398,2015-08-31,9363.52,3754.5,25.1709,0.0593422,234.284,25.5711
"144",144,144,251.526,91.0711,2015-09-01,5538.34,2941.98,25.1761,0.04976,119.768,46.7338
"145",145,145,364.268,115.449,2015-09-02,8683.68,3481.74,25.5079,0.0508537,219.095,24.4173
"146",146,146,346.137,72.33,2015-09-03,6689.51,2259.62,25.3088,0.0305843,186.237,34.2912
"147",147,147,236.237,106.033,2015-09-04,5212.02,3106.45,25.222,0,122.658,66.1231
"148",148,148,267.389,58.4362,2015-09-05,8021.98,3435.52,25.1148,0.0305843,216.263,29.1347
"149",149,149,312.163,115.773,2015-09-06,7858.82,3459.37,24.6461,0.0222533,218.074,27.2026
"150",150,150,1202.49,657.703,2015-09-07,5732.57,1730.01,24.835,0,204.907,73.7768
"151",151,151,1546.04,733.548,2015-09-08,7432.78,1731.08,24.6208,0.04021,180.1,25.1592
"152",152,152,1142.68,767.832,2015-09-09,7641.27,2584.13,24.3005,0.049247,166.926,35.2534
"153",153,153,1841.77,691.805,2015-09-10,7704.73,2034.42,24.062,0,194.779,27.7857
"154",154,154,1202.16,514.294,2015-09-11,6127.52,3055.75,24.0367,0.0434317,145.168,40.5448
"155",155,155,2292.72,1131.9,2015-09-12,9399.76,3602.23,24.3612,0.0305843,221.558,33.9212
"156",156,156,2087.07,1005.79,2015-09-13,9744.21,2973.78,24.4225,0.0438842,213.842,26.4961
"157",157,157,1810.06,734.735,2015-09-14,8765.26,2795.3,24.3055,0.049247,196.789,35.3046
"158",158,158,1963,981.112,2015-09-15,8656.49,2400.07,24.2702,0.0359649,201.879,34.3708
"159",159,159,1692.78,626.393,2015-09-16,8330.17,2582.21,24.3816,0.046324,195.853,23.6724
"160",160,160,1766.42,672.383,2015-09-17,8457.06,2275.33,24.3257,0.0434317,193.2,20.145
"161",161,161,1749.42,851.912,2015-09-18,9281.92,3094.65,24.4429,0.0222533,190.158,30.9052
"162",162,162,1198.19,462.409,2015-09-19,6299.74,2082.02,24.255,0,143.474,22.0635
"163",163,163,1480.88,415.754,2015-09-20,8284.84,2026.32,24.1836,0.0543848,197.347,24.9419
"164",164,164,1253.16,373.467,2015-09-21,8049.18,2583.26,24.0367,0.0434317,184.679,23.1942
"165",165,165,1151.18,203.078,2015-09-22,7215.26,2580.73,23.8741,0.0222533,169.716,32.267
"166",166,166,1163.07,729.587,2015-09-23,6494.65,2887.18,23.5146,0.046324,141.253,40.899
"167",167,167,2327.84,1143.5,2015-09-24,7423.73,2467.8,23.5657,0.0363395,180.974,21.1945
"168",168,168,1744.88,757.867,2015-09-25,6308.82,1917.98,23.4385,0.049247,159.184,23.6036
"169",169,169,1495.61,331.201,2015-09-26,6073.13,1588.69,23.388,0,140.332,13.878
"170",170,170,1676.34,585.152,2015-09-27,5438.62,1835.54,23.0848,0.0660717,135.3,18.022
"171",171,171,2156.76,1239.53,2015-09-28,5724.16,1926.87,22.6766,0.0486967,150.142,36.1034
"172",172,172,716.084,495.053,2015-09-29,4001.93,1922.17,21.388,0.0299537,98.0737,24.6653
"173",173,173,1133.62,639.255,2015-09-30,3793.46,1493.27,20.5696,0.0666393,84.9421,31.0957
"174",174,174,53.8158,38.4736,2015-10-01,1025.98,163.521,19.758,0,19.1368,2.83337
"175",175,175,44.7526,34.4606,2015-10-02,455.484,295.768,16.6624,0.799717,0.173684,0.172698
"176",176,176,1637.81,522.616,2015-10-03,3961.13,1057.37,16.3019,0.224798,1.11579,0.320179
"177",177,177,2046.28,805.057,2015-10-04,4668.15,1117.45,19.572,0.0217945,1.37895,0.370554
"178",178,178,1610.06,591.098,2015-10-05,3933.94,1295.19,21.1214,0.0642022,1.23158,0.430829
"179",179,179,1824.77,768.034,2015-10-06,5814.82,2984.42,21.9055,0.049247,1.51053,0.544564
"180",180,180,1632.14,706.894,2015-10-07,4926.49,1549.62,21.9307,0.0512639,163.289,29.2203
"181",181,181,1934.12,749.883,2015-10-08,4931.02,1427.38,21.845,0.0299537,157.374,26.8401
"182",182,182,1343.79,528.515,2015-10-09,3920.35,1263.74,21.8401,0.0477673,126.158,37.5786
"183",183,183,530.263,232.479,2015-10-10,1487.12,443.459,21.569,0,41.8684,8.69917
"184",184,184,1696.75,495.583,2015-10-11,3865.96,1213.03,18.4408,0.589157,127.068,18.9832
"185",185,185,931.937,476.75,2015-10-12,1819.67,866.382,20.2336,0.0842234,53.7263,24.2161
"186",186,186,1598.16,564.792,2015-10-13,4128.81,1132.79,20.459,0.0470815,134.242,21.3744
"187",187,187,1249.18,574.96,2015-10-14,2668.9,1295.52,20.67,0.0481894,75.6789,33.8651
"188",188,188,1403.85,494.4,2015-10-15,3545.32,1104.54,20.294,0.0470815,125.163,28.0858
"189",189,189,1362.49,512.59,2015-10-16,3689.21,1190.53,20.2239,0.030269,127.432,21.7075
"190",190,190,1063.94,419.831,2015-10-17,3603.09,1165.7,20.234,0,126.926,21.8209
"191",191,191,1145.51,442.211,2015-10-18,3122.68,1012.74,20.2289,0.0220239,107.216,28.517
"192",192,192,818.053,297.1,2015-10-19,3178.76,1128.16,20.234,0,116.226,26.8557
"193",193,193,1220.29,364.349,2015-10-20,2877.94,964.603,20.043,0,94.9632,25.5923
"194",194,194,761.979,337.951,2015-10-21,3186.12,815.922,19.7479,0.030269,99.9474,20.6438
"195",195,195,1235.59,286.886,2015-10-22,3240.53,1026.22,18.651,0.155813,101.932,19.5904
"196",196,196,1228.79,417.901,2015-10-23,3498.85,1065.23,18.901,0,110.189,22.0587
"197",197,197,1225.96,413.408,2015-10-24,3208.8,1058.47,18.761,0.048734,95.2737,27.3232
"198",198,198,1284.31,401.622,2015-10-25,3118.16,1046.24,19.597,0.0453689,93.0105,22.1381
"199",199,199,1012.94,336.364,2015-10-26,2823.55,1209.85,19.848,0.0217945,87.7158,40.5225
"200",200,200,1244.66,434.244,2015-10-27,2732.91,886.499,20.2037,0.0458464,78.6526,27.0167
"201",201,201,624.316,285.597,2015-10-28,1774.35,949.775,20.123,0.0355903,47.5158,21.7098
"202",202,202,1131.35,391.85,2015-10-29,3163.47,995.097,19.853,0,91.4211,21.261
"203",203,203,1037.87,297.767,2015-10-30,2982.19,976.018,19.853,0,98.1474,19.3862
"204",204,204,748.374,256.594,2015-10-31,2785.02,999.502,19.627,0.0470815,83.9474,17.7143
"205",205,205,794.837,341.673,2015-11-01,2891.54,938.63,19.282,0,81.1737,16.5944
"206",206,206,684.368,281.854,2015-11-02,2696.66,676.862,19.0415,0.049247,79.8316,14.774
"207",207,207,518.932,218.172,2015-11-03,1245.79,487.797,19.242,0.0481894,32.2474,12.0075
"208",208,208,958.558,371.303,2015-11-04,2923.28,1181.23,19.567,0,51.8105,15.6431
"209",209,209,856.584,232.87,2015-11-05,4278.38,1249.86,19.763,0.0217945,85.1947,18.6243
"210",210,210,729.689,202.216,2015-11-06,4613.76,1618.98,20.033,0.0299537,87.2474,18.6211
"211",211,211,706.458,84.4623,2015-11-07,4432.49,1036.28,20.073,0.0453689,85.9474,14.8977
"212",212,212,692.295,188.33,2015-11-08,4618.29,1565.67,20.043,0,85.8474,16.1628
"213",213,213,601.647,177.851,2015-11-09,3965.66,1055.6,20.043,0,85.8158,18.4471
"214",214,214,507.611,133.299,2015-11-10,2565.22,1360.2,19.948,0,55.9474,29.4021
"215",215,215,797.1,215.171,2015-11-11,2603.74,874.793,19.933,0.0355903,48.8421,15.1696
"216",216,216,771.032,138.179,2015-11-12,2365.81,464.065,19.913,0.0470815,45.1684,7.63006
"217",217,217,646.405,227.985,2015-11-13,2628.67,613.191,19.848,0.0217945,54.1474,11.0224
"218",218,218,464.553,149.712,2015-11-14,2972.55,1350.67,19.758,0,62.2684,21.1964
"219",219,219,477.021,135.534,2015-11-15,2641.71,1351.2,19.6974,0.0475771,53.0474,21.5438
"220",220,220,437.358,100.09,2015-11-16,2185.64,825.774,19.612,0.048734,42.2947,12.5431
"221",221,221,476.447,138.017,2015-11-17,3101.16,922.896,19.622,0.0481894,62.8,11.5757
"222",222,222,467.942,147.174,2015-11-18,3093.77,1422.88,19.567,0,66.0737,18.8293
"223",223,223,455.484,233.958,2015-11-19,1616.85,958.046,19.502,0.0453689,35.0105,22.1855
"224",224,224,512.7,122.226,2015-11-20,2965.19,968.935,19.377,0,62.0737,16.6183
"225",225,225,173.353,64.6746,2015-11-21,648.668,185.77,19.177,0.0299537,12.2421,3.13817
"226",226,226,292.895,160.967,2015-11-22,1648.59,926.505,18.881,0.0397911,0.373684,0.272523
"227",227,227,143.9,77.475,2015-11-23,610.147,282.567,18.601,0.0355903,0.0684211,0.105686
"228",228,228,392.611,161.805,2015-11-24,2096.15,789.889,18.426,0,0.736842,0.269177
"229",229,229,141.632,72.5885,2015-11-25,629.968,332.999,18.135,0.0217945,0.131579,0.120428
"230",230,230,246.432,122.356,2015-11-26,1263.34,819.313,17.785,0.0620707,0.410526,0.301652
"231",231,231,283.826,93.3659,2015-11-27,1785.69,597.75,17.755,0.0217945,0.826316,0.301555
"232",232,232,334.242,103.967,2015-11-28,1747.17,693.648,17.124,0.0453689,0.815789,0.338728
"233",233,233,338.784,89.8795,2015-11-29,1868.4,600.111,17.169,0.0397911,0.942105,0.300584
"234",234,234,301.963,90.3101,2015-11-30,1610.63,588.368,17.004,0.0217945,0.878947,0.327582
"235",235,235,288.368,64.3369,2015-12-01,1718.26,611.454,17.0137,0.0796359,0.878947,0.310159
"236",236,236,345.016,127.023,2015-12-02,1378.93,632.23,17.054,0.0481894,0.689474,0.354173
"237",237,237,398.832,150.409,2015-12-03,1268.45,487.226,16.999,0,0.621053,0.285927
"238",238,238,279.868,60.1382,2015-12-04,1113.21,217.285,16.9131,0.030269,30.7526,5.70442
"239",239,239,224.342,152.446,2015-12-05,939.295,610.624,17.109,0.0355903,28.3947,18.3973
"240",240,240,254.942,91.5465,2015-12-06,1048.07,321.056,17.094,0,31.0474,8.70085
"241",241,241,106.511,63.5698,2015-12-07,100.279,117.571,20.3238,0.255117,12.6412,8.75315
"242",242,242,302.511,71.6531,2015-12-08,2506.32,955.951,16.999,0,88.7832111872,NA
"243",243,243,346.137,82.7834,2015-12-09,1772.08,677.27,16.863,0.0481894,40.7665022054,NA
"244",244,244,342.189,90.8908,2015-12-10,2611.68,1086.07,16.808,0,93.5747378695,NA
"245",245,245,339.916,74.9493,2015-12-11,2595.82,877.116,16.713,0,93.2141982223,NA
"246",246,246,354.084,87.2106,2015-12-12,2484.22,835.691,16.538,0.0355903,93.4429276759,NA
"247",247,247,419.795,74.4891,2015-12-13,2157.32,376.97,16.533,0.0299537,53.4399877072,NA
"248",248,248,335.942,86.3733,2015-12-14,2363.55,867.423,16.523,0,92.9974221441,NA
"249",249,249,347.858,74.3091,2015-12-15,2561.25,810.676,16.4927,0.0458464,89.7089516523,NA
"250",250,250,415.263,107.481,2015-12-16,2314.24,589.443,16.427,0,69.6807481054,NA
"251",251,251,314.989,65.7459,2015-12-17,2653.61,896.427,16.4876,0.0475771,89.3655344077,NA
"252",252,252,353.505,39.1932,2015-12-18,2684.76,734.199,16.422,0.0217945,89.9317044182,NA
"253",253,253,249.837,88.7221,2015-12-19,1348.9,486.287,16.237,0,30.8007792959,NA
"254",254,254,305.368,63.5867,2015-12-20,2629.23,934.587,16.237,0,89.2592462859,NA
"255",255,255,292.889,58.0113,2015-12-21,2727.81,1045.86,16.317,0.0355903,87.3421833231,NA
"256",256,256,402.795,67.7351,2015-12-22,2800.89,652.259,16.252,0.0355903,80.4659233582,NA
"257",257,257,266.832,44.1777,2015-12-23,2658.13,857.348,16.257,0.0397911,92.6743579441,NA
"258",258,258,321.789,53.3386,2015-12-24,3177.07,1740.05,16.2168,0.04021,90.8099544459,NA
"259",259,259,259.468,43.4854,2015-12-25,2496.67,832.064,16.1713,0.0458464,75.3691010069,NA
"260",260,260,324.042,38.9472,2015-12-26,2642.27,817.47,16.111,0.0453689,79.4355100923,NA
"261",261,261,375.616,68.9088,2015-12-27,2166.39,431.773,16.066,0.0397911,48.5760946441,NA
"262",262,262,326.316,130.116,2015-12-28,3243.92,1358.44,16.046,0,94.9248231613,NA
"263",263,263,246.442,32.8639,2015-12-29,2901.17,950.106,16.006,0.0481894,91.5853085259,NA
"264",264,264,274.768,78.225,2015-12-30,2731.21,874.267,16.016,0.0453689,83.7884771231,NA
"265",265,265,187.516,71.9668,2015-12-31,1639.53,742.131,15.951,0,39.68843697,NA
"266",266,266,209.605,55.0411,2016-01-01,2538.03,880.484,15.951,0,72.4004640731,NA
"267",267,267,107.068,60.5206,2016-01-02,1177.8,613.924,15.855,0,19.5182467072,NA
"268",268,268,247.011,71.5188,2016-01-03,2137.49,774.829,15.664,0,65.6807287131,NA
"269",269,269,113.874,38.5356,2016-01-04,737.616,232.148,15.644,0.0397911,16.7500711095,NA
"270",270,270,316.121,107.103,2016-01-05,2313.69,602.074,15.664,0,60.8337965205,NA
"271",271,271,234.547,83.2596,2016-01-06,1921.65,1094.64,15.473,0,50.1616937377,NA
"272",272,272,221.505,78.7311,2016-01-07,1317.17,435.423,15.443,0.0453689,32.7016890487,NA
"273",273,273,202.253,43.8872,2016-01-08,2907.97,804.38,15.378,0,105.3767576918,NA
"274",274,274,313.284,62.9486,2016-01-09,2860.95,731.84,15.393,0.0355903,95.0097890459,NA
"275",275,275,196.584,37.9363,2016-01-10,2710.24,690.313,15.3527,0.0434317,106.3782567118,NA
"276",276,276,190.932,76.603,2016-01-11,1401.01,495.486,15.282,0,35.9536532859,NA
"277",277,277,190.921,71.8228,2016-01-12,2235.49,1020.38,15.3224,0.0486967,81.1451658387,NA
"278",278,278,134.832,56.5629,2016-01-13,1639.51,565.731,15.1567,0.0458464,72.0959760646,NA
"279",279,279,48.1421,25.7242,2016-01-14,377.311,153.542,14.9202,0.04021,10.35590369705,NA
"280",280,280,194.321,32.5695,2016-01-15,2157.32,560.309,15.071,0.0397911,72.4718612613,NA
"281",281,281,80.4579,79.1383,2016-01-16,937.6,714.126,14.794,0.0299537,39.5396659059,NA
"282",282,282,133.7,85.8333,2016-01-17,2277.43,523.976,14.5978,0.0359649,112.2606096654,NA
"283",283,283,301.389,52.0057,2016-01-18,2059.88,444.741,14.5322,0.0359649,66.3438179836,NA
"284",284,284,197.147,66.4637,2016-01-19,2177.72,1147,14.517,0,72.4513466846,NA
"285",285,285,166.563,112.512,2016-01-20,1628.76,1477.91,14.5928,0.04021,46.5126835987,NA
"286",286,286,228.879,76.7708,2016-01-21,2846.21,1027.13,14.5877,0.0434317,107.6390147523,NA
"287",287,287,234.537,124.416,2016-01-22,1368.72,614.759,14.6484,0.0475771,39.6654994118,NA
"288",288,288,196.589,94.978,2016-01-23,1274.68,615.397,14.613,0,38.8315091795,NA
"289",289,289,200.547,32.3308,2016-01-24,2906.26,935.935,14.6837,0.0434317,109.2884190254,NA
"290",290,290,167.689,14.9282,2016-01-25,3168.01,815.706,14.6888,0.04021,121.1949501164,NA
"291",291,291,253.821,69.9672,2016-01-26,2927.8,986.848,14.6888,0.04021,97.8764992246,NA
"292",292,292,231.695,55.3856,2016-01-27,2591.85,1154.48,14.6989,0.030269,90.0958210318,NA
"293",293,293,163.732,31.8138,2016-01-28,1233.33,205.685,14.613,0,35.7853368377,NA
"294",294,294,233.4,38.3131,2016-01-29,2653.6,880.415,14.613,0,92.2595435113,NA
"295",295,295,177.332,16.6002,2016-01-30,2737.43,605.214,14.613,0,101.6317974854,NA
"296",296,296,230.579,92.9015,2016-01-31,1731.31,542.486,14.421,0,76.1691694982,NA
"297",297,297,183,35.1604,2016-02-01,2732.91,923.826,14.5827,0.0458464,129.33875247,NA
"298",298,298,213.568,69.2232,2016-02-02,2600.34,1351.95,14.5978,0.0359649,88.9251979031,NA
"299",299,299,169.4,38.4518,2016-02-03,2868.87,865.898,14.421,0,107.62883823,NA
"300",300,300,142.189,63.7482,2016-02-04,2968.59,807.476,14.4614,0.0486967,56.0771607718,NA
"301",301,301,207.363,45.213,2016-02-05,3101.73,1071,14.4362,0.0359649,132.5167350054,NA
"302",302,302,265.695,52.1324,2016-02-06,2634.91,927.436,14.5069,0.030269,100.4091610205,NA
"303",303,303,158.058,82.0586,2016-02-07,1073,478.672,14.4463,0.0434317,38.0501784118,NA
"304",304,304,186.963,36.9832,2016-02-08,2577.69,858.792,14.517,0,114.1309898513,NA
"305",305,305,235.674,62.6411,2016-02-09,1883.12,480.931,14.325,0,81.9350578077,NA
"306",306,306,134.263,74.7781,2016-02-10,2443.98,754.62,14.32,0.0217945,130.7985180577,NA
"307",307,307,209.047,66.0041,2016-02-11,2247.96,770.146,14.23,0,109.3393016369,NA
"308",308,308,238.505,55.266,2016-02-12,1897.29,564.326,14.134,0,72.2575081646,NA
"309",309,309,169.384,54.3991,2016-02-13,2288.76,1136.99,14.1391,0.0220239,83.3591248013,NA
"310",310,310,222.647,88.6126,2016-02-14,2454.75,1085.68,14.1997,0.0458464,96.4244871777,NA
"311",311,311,145.042,128.397,2016-02-15,1221.44,1017.13,14.1542,0.04021,46.6351249305,NA
"312",312,312,167.126,109.441,2016-02-16,2739.15,1067.06,14.2098,0.04021,129.4221030336,NA
"313",313,313,141.637,34.8441,2016-02-17,1410.08,380.397,14.23,0,61.0685026618,NA
"314",314,314,165.421,36.0981,2016-02-18,1825.91,526.616,14.23,0,90.0669067859,NA
"315",315,315,142.774,30.4003,2016-02-19,2723.85,919.521,14.038,0,131.2235090128,NA
"316",316,316,160.337,32.478,2016-02-20,2828.09,669.644,14.038,0,151.8503505223,NA
"317",317,317,168.842,27.8056,2016-02-21,3294.91,805.661,14.0228,0.0359649,156.4498155377,NA
"318",318,318,160.342,86.7776,2016-02-22,1833.84,1059.35,14.0077,0.0458464,72.6868604864,NA
"319",319,319,180.153,46.7473,2016-02-23,2297.82,1034.92,14.134,0,103.3915281828,NA
"320",320,320,171.658,37.8849,2016-02-24,3095.49,838.063,14.038,0,142.1422713123,NA
"321",321,321,56.0842,75.6537,2016-02-25,1320.57,1805.45,14.0633,0.0434317,53.3183540359,NA
"322",322,322,99.7,38.9326,2016-02-26,2004.93,1306.98,14.23,0,91.8140379795,NA
"323",323,323,67.4158,26.7956,2016-02-27,1014.08,366.708,14.23,0,44.3515456328,NA
"324",324,324,49.8632,50.3797,2016-02-28,469.653,278.177,14.134,0,23.0285007723,NA
"325",325,325,138.789,34.0316,2016-02-29,1995.86,462.332,14.1744,0.0486967,168.641127721,NA
"326",326,326,126.332,53.0821,2016-03-01,2397.54,415.223,14.1744,0.0486967,164.644823567,NA
"327",327,327,167.126,45.5734,2016-03-02,2361.27,531.081,14.1744,0.0486967,158.5318027746,NA
"328",328,328,115.574,85.1235,2016-03-03,2941.37,503.147,14.0683,0.0559097,167.794699517,NA
"329",329,329,94.6,40.5383,2016-03-04,2129.56,880.83,14.0026,0.0475771,112.9364599718,NA
"330",330,330,22.0947,33.3545,2016-03-05,470.784,687.107,13.942,0,31.1892639964,NA
"331",331,331,124.068,36.6549,2016-03-06,2870.57,757.739,13.942,0,164.639977604,NA
"332",332,332,132.574,32.5127,2016-03-07,5261.87,1837.02,13.9218,0.04021,178.866109651,NA
"333",333,333,174.484,64.4439,2016-03-08,5651.64,2331.77,13.8409,0.0220239,161.40287432,NA
"334",334,334,197.726,78.545,2016-03-09,5597.27,2018.07,13.75,0,177.530239184,NA
"335",335,335,167.7,45.1518,2016-03-10,4994.48,1750.69,13.6944,0.0486967,180.975718877,NA
"336",336,336,153.532,74.7427,2016-03-11,4863.04,1615.44,13.6136,0.0486967,191.305696672,NA
"337",337,337,154.105,52.3816,2016-03-12,4636.43,1452.95,13.6489,0.0503294,180.260131674,NA
"338",338,338,185.821,62.0204,2016-03-13,4631.89,1262.49,13.6791,0.139165,179.177866604,NA
"339",339,339,91.2158,59.4163,2016-03-14,4853.96,1332.54,13.6136,0.0486967,183.245244882,NA
"340",340,340,66.8474,20.4723,2016-03-15,5375.18,2101.91,13.942,0,188.617802528,NA
"341",341,341,26.0684,20.3838,2016-03-16,2352.21,648.904,13.75,0,70.3454526969,NA
"342",342,342,32.8684,44.3098,2016-03-17,2152.81,310.469,13.75,0,69.8975241836,NA
"343",343,343,97.9947,24.0488,2016-03-18,5144.03,1968.21,13.9066,0.0475771,189.291391385,NA
"344",344,344,96.3158,34.1282,2016-03-19,5343.45,1692.91,13.9875,0.049247,165.420177647,NA
"345",345,345,49.2895,16.9355,2016-03-20,3054.69,819.132,14.038,0,84.4192599736,NA
"346",346,346,89.5053,35.7074,2016-03-21,4310.12,1014.2,14.2548,0.0768885,150.2639437682,NA
"347",347,347,104.811,65.8544,2016-03-22,4473.27,1489.97,14.134,0,155.8385780713,NA
"348",348,348,144.468,110.097,2016-03-23,4668.16,1677.77,14.038,0,187.485462507,NA
"349",349,349,188.095,44.5805,2016-03-24,4332.77,1837.06,14.134,0,200.049429245,NA
"350",350,350,169.395,60.5704,2016-03-25,3875.04,1162.78,14.1087,0.0434317,153.9664210323,NA
"351",351,351,255.5,60.9853,2016-03-26,4033.65,1663.39,14.134,0,197.544066374,NA
"352",352,352,139.932,78.5271,2016-03-27,3320.39,1446.62,14.1643,0.0458464,123.8729908023,NA
"353",353,353,185.821,49.1662,2016-03-28,3598.56,1408.71,14.1239,0.030269,180.638116788,NA
"354",354,354,198.305,32.9338,2016-03-29,3861.42,1312.63,14.325,0,170.644125761,NA
"355",355,355,287.232,55.9401,2016-03-30,4015.52,1659.42,14.4665,0.049247,205.229763692,NA
"356",356,356,176.195,73.6446,2016-03-31,3639.35,1415.2,14.7289,0.0509798,134.7628388559,NA
"357",357,357,156.937,49.8916,2016-04-01,3879.56,1137.14,14.7639,0.0861184,135.7796834254,NA
"358",358,358,44.7632,19.0769,2016-04-02,1600.44,363.602,14.8596,0.0486967,56.2105862864,NA
"359",359,359,164.3,35.3137,2016-04-03,4128.83,1518.71,14.8545,0.049247,190.246046096,NA
"360",360,360,172.216,80.5563,2016-04-04,3888.63,1634.93,15.1517,0.0571859,154.9629125572,NA
"361",361,361,162.026,38.0527,2016-04-05,4251.19,1610.28,15.066,0.0429793,187.168859591,NA
"362",362,362,192.637,45.7934,2016-04-06,4437.01,1666.14,15.227,0.0481894,188.835870863,NA
"363",363,363,137.105,28.6776,2016-04-07,4001.92,1126.55,15.1918,0.0673107,153.0295348523,NA
"364",364,364,192.063,77.1438,2016-04-08,4414.34,2158.13,15.207,0.0397911,201.002468635,NA
"365",365,365,132.563,99.773,2016-04-09,2941.4,1405.11,15.398,0.0397911,132.7759940259,NA
"366",366,366,197.721,70.0539,2016-04-10,5289.07,3033.43,15.473,0,222.539543528,NA
"367",367,367,136.532,53.5968,2016-04-11,5003.53,2717.63,15.5538,0.0359649,213.346751717,NA
"368",368,368,143.9,57.3291,2016-04-12,5633.52,2792.01,15.5084,0.0475771,191.565763353,NA
"369",369,369,143.905,44.5714,2016-04-13,5425.04,2790.94,15.4684,0.0870199,206.917774137,NA
"370",370,370,178.458,76.2276,2016-04-14,5406.91,2954.35,15.7095,0.049247,225.379277846,NA
"371",371,371,171.1,48.1169,2016-04-15,5379.73,3087.15,15.76,0,226.563308139,NA
"372",372,372,143.9,50.2575,2016-04-16,4967.29,2856.74,15.9358,0.0359649,222.392549317,NA
"373",373,373,118.405,44.6831,2016-04-17,3698.27,1401.63,16.237,0,180.113137463,NA
"374",374,374,101.974,42.0567,2016-04-18,4795.07,2306.34,16.141,0,170.27098661,NA
"375",375,375,323.495,278.783,2016-04-19,4958.23,2921.08,16.392,0.0470815,233.577031921,NA
"376",376,376,244.174,92.4698,2016-04-20,5461.28,2666.74,16.1663,0.0434317,209.713894788,NA
"377",377,377,120.668,43.7491,2016-04-21,4455.14,1102.69,16.1511,0.030269,125.04199861,NA
"378",378,378,110.474,105.645,2016-04-22,4582.05,2300.35,16.247,0.0299537,120.7324837141,NA
"379",379,379,241.347,73.5627,2016-04-23,6313.35,3423.96,16.292,0.0481894,NA,NA
"380",380,380,NA,NA,2016-04-24,NA,NA,NA,NA,NA,NA
"381",381,381,543.295,458.999,2016-04-25,7990.26,4535.27,16.5277,0.0744624,NA,NA
"382",382,382,423.211,409.757,2016-04-26,5937.17,3627.32,16.1562,0.0359649,190.658,29.2034
"383",383,383,725.147,840.585,2016-04-27,9875.65,5551.08,16.026,0.0397911,249.195,24.165
"384",384,384,341.632,137.238,2016-04-28,5837.46,2087.23,16.001,0.048734,195.179,60.4248
"385",385,385,1214.06,1249.36,2016-04-29,10106.8,5815.52,16.046,0,258.689,25.6566
"386",386,386,317.821,309.777,2016-04-30,4146.95,2726.46,16.046,0,93.9368,53.0968
"387",387,387,502.505,301.062,2016-05-01,10560,5004.05,15.8651,0.030269,234.126,64.8135
"388",388,388,135.395,77.7365,2016-05-02,2986.15,1482.26,15.8904,0.0475771,81.6789,52.4431
"389",389,389,871.316,689.06,2016-05-03,10007.1,4980.91,15.951,0,266.684,29.9467
"390",390,390,736.474,659.571,2016-05-04,10387.8,4772.12,16.2419,0.0500288,275.889,26.4532
"391",391,391,589.189,574.594,2016-05-05,10777.6,5252.84,16.2319,0.0220239,268.695,29.5913
"392",392,392,532.537,247.165,2016-05-06,9608.24,4477.29,15.996,0.048734,258.237,37.7011
"393",393,393,363.716,193.035,2016-05-07,7188.05,3485.78,16.272,0.0470815,173.416,73.4293
"394",394,394,450.963,234.921,2016-05-08,8874.03,4301.51,16.352,0.0508538,202.8,63.9302
"395",395,395,277.605,107.142,2016-05-09,5982.49,2788.18,16.4674,0.0486967,143.453,45.1413
"396",396,396,407.905,142.757,2016-05-10,9735.16,4743.83,16.9535,0.049247,246.589,29.8508
"397",397,397,179.021,90.2174,2016-05-11,4865.88,2221.2,16.818,0.0299537,114.426,46.1878
"398",398,398,394.868,189.659,2016-05-12,9363.51,4863.15,16.9737,0.0538228,264.047,24.6716
"399",399,399,503.637,260.75,2016-05-13,9426.97,4570.26,16.533,0.0299537,258.074,38.6911
"400",400,400,467.958,196.83,2016-05-14,8973.74,4079.56,16.9031,0.0318337,218.979,69.1938
"401",401,401,435.089,225.708,2016-05-15,7867.88,4001.73,16.9133,0.0835544,238.537,44.6313
"402",402,402,300.263,144.274,2016-05-16,6481.03,2566.22,17.094,0,173.2,38.8612
"403",403,403,470.205,380.451,2016-05-17,8067.31,5782.05,17.2843,0.155577,224.116,72.3032
"404",404,404,232.832,57.9912,2016-05-18,6263.48,1204.49,17.104,0.0299537,168.426,32.6654
"405",405,405,333.116,248.31,2016-05-19,8357.36,5049.39,17.044,0.0581187,226.689,49.3455
"406",406,406,448.121,332.351,2016-05-20,8747.14,4920.22,16.843,0.0722842,265.7,26.776
"407",407,407,599.379,479.87,2016-05-21,9417.89,5495.9,16.608,0.0538774,277.895,26.588
"408",408,408,672.458,548.009,2016-05-22,9517.61,4999.7,17.3743,0.0869526,285.279,25.6162
"409",409,409,406.205,321.741,2016-05-23,8157.95,5016.61,16.9182,0.0359649,222.658,49.3442
"410",410,410,381.268,307.607,2016-05-24,8937.49,4754.07,17.124,0.0453689,273.637,24.6257
"411",411,411,399.968,257.727,2016-05-25,7741,3106.11,17.309,0.0429793,258.963,40.7038
"412",412,412,314.432,213.276,2016-05-26,8729,4738.86,17.4094,0.0557845,247.358,40.1643
"413",413,413,315.547,248.482,2016-05-27,9816.73,6703.45,17.3892,0.0542285,272.663,32.1254
"414",414,414,297.437,212.394,2016-05-28,8828.73,4377.27,17.49,0.0355903,229.437,85.7897
"415",415,415,254.368,257.244,2016-05-29,7645.81,4688.21,17.4697,0.147199,231.984,53.4855
"416",416,416,321.774,259.581,2016-05-30,8212.33,4484.45,17.67,0.0498052,278.589,27.1548
"417",417,417,411.295,336.723,2016-05-31,9961.76,5812.45,17.86,0.0217945,275.432,25.4513
"418",418,418,67.4211,54.6333,2016-06-01,1920.52,1061.78,17.865,0.0299537,44.6053,19.7348
"419",419,419,736.474,543.429,2016-06-02,7523.45,3593.41,18.1251,0.0477673,277.505,29.6607
"420",420,420,666.232,445.405,2016-06-03,8765.26,4473.72,18.301,0.0453689,274.726,39.0335
"421",421,421,962.526,725.747,2016-06-04,8837.78,5212.46,18.396,0.0453689,292.1,28.2617
"422",422,422,861.679,764.9,2016-06-05,8729.02,4541.42,18.351,0.0397911,288.842,25.3795
"423",423,423,731.384,556.353,2016-06-06,7967.58,4258.57,18.606,0.0624944,275.511,24.8805
"424",424,424,1015.19,1000.15,2016-06-07,8212.34,4330.03,18.9011,0.0951113,287.674,25.3224
"425",425,425,965.363,727.288,2016-06-08,8312.05,3582.29,19.407,0.141804,278.032,42.7395
"426",426,426,1109.24,1279.18,2016-06-09,8076.37,3566.64,20.1985,0.0654407,281.358,24.9385
"427",427,427,1279.23,1264.94,2016-06-10,8094.51,4071.11,18.9311,0.0900592,288,25.3566
"428",428,428,388.063,309.031,2016-06-11,5787.6,2286.71,18.2006,0.0572104,153.763,47.06
"429",429,429,797.1,717.271,2016-06-12,7605.01,2861.93,19.958,0.0538774,260.068,43.6314
"430",430,430,1314.91,1376.52,2016-06-13,8511.46,4108.3,20.1582,0.04021,291.811,27.7956
"431",431,431,1029.94,948.808,2016-06-14,7369.35,3458.13,20.113,0.0429793,285.553,24.6409
"432",432,432,585.795,549.146,2016-06-15,7849.76,4738.6,19.973,0.0429793,210.374,70.3889
"433",433,433,819.763,757.485,2016-06-16,8438.95,5206.1,20.028,0.0476387,237.126,80.1076
"434",434,434,1240.12,1436.25,2016-06-17,7586.88,3227.87,19.8127,0.153338,296.553,25.6742
"435",435,435,1139.27,1338.53,2016-06-18,8747.13,4756.4,20.103,0.0470815,249.805,77.9957
"436",436,436,1221.98,1256.47,2016-06-19,9390.69,5509.75,20.444,0.0599073,295.042,46.6197
"437",437,437,1391.96,1557.33,2016-06-20,9363.51,5528.53,20.439,0.0355903,296.753,23.7968
"438",438,438,1534.71,1593.69,2016-06-21,10106.8,5534.43,20.4543,0.198516,298.805,25.4199
"439",439,439,1169.32,1242.24,2016-06-22,8171.55,4506.87,20.8355,0.0845461,280.153,36.4739
"440",440,440,1067.34,1069.69,2016-06-23,9209.42,5001.19,20.7703,0.185726,298.947,24.8218
"441",441,441,1237.86,1172.54,2016-06-24,10007.1,5414.88,20.7852,0.0680451,297.168,28.8256
"442",442,442,1466.17,1543.86,2016-06-25,9717.03,5320.17,21.8351,0.108461,291.758,28.443
"443",443,443,1091.14,959.86,2016-06-26,10016.1,4741.71,22.1016,0.0486967,283.279,24.1929
"444",444,444,1475.79,1705.3,2016-06-27,8874.04,4441,22.1268,0.0359649,303.579,26.0539
"445",445,445,1187.44,1221.48,2016-06-28,8538.66,4734.42,22.1117,0.0458464,289.8,23.5369
"446",446,446,281.563,93.9855,2016-06-29,5384.24,1307.64,22.0561,0.030269,183.705,48.307
"447",447,447,972.716,889.693,2016-06-30,9136.89,5018.33,22.1218,0.0513891,284.532,32.9918
"448",448,448,1029.36,970.888,2016-07-01,10007.1,5713.4,22.2278,0.0439144,288.437,46.5566
"449",449,449,994.242,859.83,2016-07-02,9218.48,4890.25,21.8803,0.0832413,284.532,23.9651
"450",450,450,972.158,891.886,2016-07-03,8919.36,5270.46,23.0848,0.0359649,304.947,25.6701
"451",451,451,848.658,878.243,2016-07-04,8810.58,4932.47,23.3223,0.0458464,286.084,22.6968
"452",452,452,624.311,502.208,2016-07-05,8384.56,4140.16,23.196,0.0554256,284.437,21.1952
"453",453,453,776.142,745.297,2016-07-06,9019.08,5296.54,22.7822,0.0903466,287.589,27.9291
"454",454,454,476.453,386.774,2016-07-07,8475.19,4786.43,24.0367,0.0434317,281.532,25.4729
"455",455,455,435.089,349.169,2016-07-08,8792.46,4566.53,23.7326,0.08042,264.189,24.2671
"456",456,456,673.6,1198.23,2016-07-09,8302.98,4351.87,24.255,0,286.726,25.3965
